{"qmarket_{}_{}": [1.148054271656477, 1.4015207991650556, 1.237513046071271, 2.66885343670792, 1.9382734456537918, 1.9680930371253993, 0.9393171313552955, 0.9244073356195059, 0.9094975398837022, 0.9094975398837022], "qmarket_{'reward_function': 'replacement'}_{}": [1.0735052929774866, 0.6411212166393341, 0.8945877441478984, 1.0287759057700896, 1.2226032503354816, 1.148054271656477, 1.341881616221869, 0.9244073356195059, 1.2822424332786682, 0.7902191739973148, 0.8796779484121089, 1.6549873266736341], "qmarket_{'reward_function': 'summation', 'ext_grid_pen_kwargs': {'linear_penalty': 5000}}_{}": [0.6113016251677408, 0.7305799910541282, 0.46220366780974587, 0.25346652750857857, 0.9393171313552955, 0.6262114209035303, 0.43238407633815257, 0.3876546891307555, 0.6113016251677408, 1.0884150887132762], "qmarket_{'add_res_obs': True}_{}": [1.5506187565230363, 1.3567914119576585, 0.6560310123751378, 0.5665722379603437, 1.8786342627106052, 2.0426420158043896, 0.7305799910541282, 3.0117787386312784, 1.5207991650514288, 2.0873714030117867], "qmarket_{'add_res_obs': True, 'remove_normal_obs': True}_{}": [1.6400775309378162, 2.340837930520351, 2.20664976889816, 1.4313403906366489, 2.4452065006709347, 2.430296704935145, 1.8040852840316148, 1.4164305949008593, 1.6251677352020266, 1.2971522290144577], "qmarket_{'train_data': 'full_uniform'}_{}": [98.98613388996571, 98.98613388996571, 98.98613388996571, 99.0010436857015, 98.98613388996571, 98.98613388996571, 98.98613388996571, 98.98613388996571, 98.98613388996571, 98.98613388996571], "qmarket_{'train_data': 'normal_around_mean', 'sampling_kwargs': {'std': 0.3}}_{}": [1.9233636499180022, 0.6262114209035303, 2.2811987475771645, 3.38452363202623, 3.086327717310283, 1.1778738631280703, 0.55166244222454, 1.4164305949008593, 1.1182346801848837, 1.7146265096168207], "qmarket_{'add_res_obs': True, 'add_act_obs': True, 'steps_per_episode': 5}_{'gamma': 0.5}": [0.8796779484121089, 1.9680930371253993, 2.161920381690777, 1.7295363053526245, 0.6858506038467311, 2.1321007902191695, 2.355747726256155, 2.7284926196511066, 2.2215595646339636, 3.2950648576114503], "qmarket_{'add_res_obs': True, 'add_act_obs': True, 'steps_per_episode': 5}_{'gamma': 0.9}": [2.803041598330097, 7.350529297748622, 2.83286118980169, 9.527359475175189, 2.012822424332782, 3.38452363202623, 3.503801997912632, 4.741315043983889, 2.4899358878783318, 2.7284926196511066], "qmarket_{'squash_reward': True}_{}": [1.5207991650514288, 1.0884150887132762, 0.9244073356195059, 1.2971522290144577, 1.610257939466237, 1.3866110034292518, 2.072461607275983, 1.6848069181452274, 4.2045623974951525, 2.2811987475771645], "qmarket_{'reward_scaling': 'minmax', 'penalty_weight': 0.25}_{}": [0.6858506038467311, 3.6379901595348088, 1.9382734456537918, 0.34292530192337267, 3.041598330102886, 1.192783658863874, 0.8349485612047118, 1.4313403906366489, 0.417474280602363, 1.4015207991650556], "qmarket_{'reward_scaling': 'normalization', 'penalty_weight': 0.25}_{}": [1.058595497241683, 2.340837930520351, 1.4611599821082422, 0.7902191739973148, 2.027732220068586, 2.430296704935145, 1.058595497241683, 0.6411212166393341, 1.1331444759206732, 2.20664976889816], "qmarket_{}_{'autoscale_obs': False}": [55.36007156701953, 36.409721186819745, 35.17220814074847, 35.8580587445952, 36.379901595348144, 36.52899955270613], "eco_{}_{}": [1.235119047619051, 0.9970238095238102, 0.8184523809523796, 2.6488095238095184, 1.9940476190476204, 0.0446428571428612, 0.0, 0.8035714285714306, 1.7559523809523796, 0.5952380952380878], "eco_{'add_res_obs': True}_{}": [0.07440476190477341, 1.6071428571428612, 0.625, 1.4136904761904816, 1.264880952380949, 1.4732142857142918, 2.544642857142847, 2.857142857142861, 4.300595238095241, 1.4583333333333286], "eco_{'add_res_obs': True, 'remove_normal_obs': True}_{}": [0.07440476190477341, 0.1339285714285836, 0.327380952380949, 1.1607142857142776, 1.4880952380952266, 0.014880952380963208, 7.485119047619051, 0.4761904761904816, 2.827380952380949, 0.7589285714285694], "eco_{'train_data': 'full_uniform'}_{}": [17.85714285714286, 24.82142857142857, 14.24107142857143, 7.098214285714292, 15.491071428571416, 18.39285714285714, 1.1160714285714306, 1.9642857142857224, 10.49107142857143, 16.473214285714292], "eco_{'train_data': 'normal_around_mean'}_{}": [6.651785714285722, 6.770833333333343, 18.660714285714292, 4.508928571428569, 12.514880952380963, 22.87202380952381, 9.791666666666671, 8.80952380952381, 14.88095238095238, 4.31547619047619], "eco_{'reward_function': 'replacement'}_{}": [0.07440476190477341, 0.07440476190477341, 0.2380952380952408, 0.0446428571428612, 0.1041666666666714, 0.1488095238095184, 0.5357142857142776, 0.0892857142857082, 0.2678571428571388, 0.07440476190477341], "eco_{'reward_function': 'summation', 'ext_grid_pen_kwargs': {'linear_penalty': 100000}}_{}": [0.0, 0.1339285714285836, 0.1041666666666714, 0.0595238095238102, 0.297619047619051, 0.2529761904761898, 0.2529761904761898, 0.014880952380963208, 0.2083333333333286, 0.1190476190476204], "eco_{'add_res_obs': True, 'add_act_obs': True, 'steps_per_episode': 5}_{'gamma': 0.5}": [1.1309523809523796, 0.1785714285714306, 0.2380952380952408, 1.264880952380949, 0.1041666666666714, 0.2380952380952408, 0.922619047619051, 1.235119047619051, 2.0684523809523796, 3.735119047619051], "eco_{'add_res_obs': True, 'add_act_obs': True, 'steps_per_episode': 5}_{'gamma': 0.9}": [0.7440476190476204, 1.2202380952380878, 0.5059523809523796, 1.0416666666666572, 2.6190476190476204, 0.8779761904761898, 0.580357142857153, 1.1904761904761898, 0.1339285714285836, 1.0416666666666572], "eco_{'squash_reward': True}_{}": [0.6696428571428612, 3.0208333333333286, 0.3422619047619122, 1.0119047619047592, 1.0119047619047592, 2.3065476190476204, 2.485119047619051, 0.7142857142857082, 1.5178571428571388, 1.3244047619047592], "eco_{'reward_scaling': 'minmax', 'penalty_weight': 0.96}_{}": [1.889880952380949, 0.2380952380952408, 0.4613095238095326, 0.8928571428571388, 0.4017857142857224, 0.0446428571428612, 0.5208333333333428, 0.625, 0.7589285714285694], "eco_{'reward_scaling': 'normalization', 'penalty_weight': 0.96}_{}": [0.4315476190476204, 0.4613095238095326, 0.0, 0.2232142857142918, 1.4285714285714164, 0.3869047619047592, 1.3244047619047592, 0.4613095238095326], "eco_{}_{'autoscale_obs': False}": [0.0, 0.0, 0.8184523809523796, 0.0], "qmarket_random": [76.54689130758908], "qmarket_{'reward_function': 'replacementA'}_{}": [0.1789175488295882, 0.0894587744147799, 0.3578350976591622, 0.2087371403011673, 0.22364693603698527, 0.417474280602363, 0.22364693603698527, 0.4472938720739563, 0.19382734456537776, 0.16400775309378446], "qmarket_{'add_res_obs': True, 'add_act_obs': True}_{}": [2.2811987475771645, 1.9382734456537918, 2.7583122111227, 1.0884150887132762, 2.4153869091993414, 0.8349485612047118, 0.9393171313552955, 3.071417921574465, 1.8637244669748014, 0.6858506038467311], "eco_random": [98.63095238095238], "eco_{'reward_function': 'replacementA'}_{}": [0.0, 26.41369047619048, 0.014880952380963208, 0.014880952380963208, 0.0446428571428612, 0.029761904761897995, 69.27083333333333, 0.07440476190477341, 0.0, 0.0595238095238102], "eco_{'add_res_obs': True, 'add_act_obs': True}_{}": [2.857142857142861, 3.0059523809523796, 0.029761904761897995, 0.7589285714285694, 0.297619047619051, 2.0089285714285694, 1.2946428571428612, 1.1755952380952408, 2.261904761904759, 0.5654761904761898]}
