{"qmarket_{}_{}": [4.026823815815217, 3.660799922689322, 3.3976358193396625, 3.1945112762521157, 2.884949278053326, 3.074724432403866, 3.0042126668612625, 3.390668764115875, 3.076390471119479, 3.633921189197933], "qmarket_{'reward_function': 'replacement'}_{}": [36.23503062015365, 49.200102344272686, 38.60738024187917, 37.388329333335506, 37.38998909250056, 38.740329301250284, 36.1368924199358, 45.831660123883836, 42.99315445196909, 46.9980982518386, 44.594473014900075, 34.408681871999846], "qmarket_{'reward_function': 'summation', 'ext_grid_pen_kwargs': {'linear_penalty': 5000}}_{}": [12.246956570829099, 10.209406779937238, 9.460203778645763, 13.356283651910921, 19.82643378472017, 9.98347886411386, 14.150416733464796, 13.534731222134747, 10.173242262550483, 13.138551471295305], "qmarket_{'add_res_obs': True}_{}": [2.431518229793424, 2.7325740433686274, 2.967211948708268, 3.2990020714153903, 2.2413601263309033, 2.061369205150522, 3.5508604341400156, 1.9522738004645095, 2.7677278311883198, 2.701913301785782], "qmarket_{'add_res_obs': True, 'remove_normal_obs': True}_{}": [3.0231475095636284, 2.6825851995869945, 3.596398167677211, 3.188919475046062, 2.9171882349182283, 2.8105302143806727, 2.7117254596266984, 3.2211419699313826, 3.5370376374373778, 2.9666699583843594], "qmarket_{'train_data': 'full_uniform'}_{}": [103.58054433274559, 103.58054433274559, 103.58054433274559, 102.15686067931296, 103.58054433274559, 103.58054433274559, 103.58054433274559, 103.58054433274559, 103.58054433274559, 103.58054433274559], "qmarket_{'train_data': 'normal_around_mean', 'sampling_kwargs': {'std': 0.3}}_{}": [29.045950153181487, 17.642778474124658, 42.661259908598325, 14.926317868414063, 17.418893493214235, 22.987736430840112, 21.173042053019724, 190.21864636060707, 29.82894828150542, 15.87272326956012], "qmarket_{'add_res_obs': True, 'add_act_obs': True, 'steps_per_episode': 5}_{'gamma': 0.5}": [62.275464030914726, 31.112118859414128, 30.40367311282038, 54.23828093121185, 75.27636688499132, 45.88188234285847, 26.58349440956762, 84.57782111934652, 37.860460593557036, 41.186529807984954], "qmarket_{'add_res_obs': True, 'add_act_obs': True, 'steps_per_episode': 5}_{'gamma': 0.9}": [180.63830490308422, 261.62557060215397, 111.94798904380463, 238.262366988357, 116.42362055229836, 146.8643106227932, 214.040074018068, 195.45066137549347, 88.74771657842876, 112.30862079439608], "qmarket_{'squash_reward': True}_{}": [0.7776272940891779, 1.191047032556937, 0.9623274749247803, 1.0527798647677766, 0.7779214761915484, 1.5346862181204615, 0.7089394535240243, 0.6672529784047857, 4.2342974989696325, 0.8795137538220829], "qmarket_{'reward_scaling': 'minmax', 'penalty_weight': 0.25}_{}": [2.797226676760917, 7.654876343831917, 3.1565707034611625, 5.016587172102032, 9.50495415661647, 3.781325803059786, 4.057406386979504, 2.583694607664426, 6.0050150925926715, 3.6647645363830224], "qmarket_{'reward_scaling': 'normalization', 'penalty_weight': 0.25}_{}": [2.8146380933086252, 2.667618714547229, 4.302753684394756, 4.341471826258145, 2.404910879005465, 3.7439385216001235, 2.7190329828917763, 9.644205433068334, 4.987609563556549, 3.4144411974768083], "qmarket_{}_{'autoscale_obs': False}": [1304.0637730495407, 911.6480867677571, 911.8601450637575, 1090.1629133324773, 573.6627946830517, 618.0159192564433], "eco_{}_{}": [13.228543085424835, 12.833676013184492, 12.22060137408655, 14.010471826153662, 13.236715542200846, 13.541317304225558, 20.84650067404319, 11.732746310730164, 12.125896501106858, 14.95065105307429], "eco_{'add_res_obs': True}_{}": [20.14392992802788, 11.680564631548775, 12.021599994773604, 12.818723610603227, 10.388362194393412, 10.2012193077105, 10.76409826141704, 12.116921384788672, 10.633206347456424, 12.052336130608756], "eco_{'add_res_obs': True, 'remove_normal_obs': True}_{}": [14.290453638614567, 14.786022664426424, 13.459977605319736, 11.304973292081202, 16.45497750983152, 17.385170941756655, 10.504716433543337, 14.522505000392622, 15.21600941823286, 77.70697306092393], "eco_{'train_data': 'full_uniform'}_{}": [16.505382056501286, 25.514445011511267, 183.71425968028993, 30.817791960516633, 27.850915954093203, 13.715959551457486, 66.74174928152826, 85.74022535749044, 42.71013362789805, 27.729391503911156], "eco_{'train_data': 'normal_around_mean'}_{}": [31.44561575183147, 32.07879942769256, 32.982224763895935, 34.39312171602445, 42.91885352119815, 22.50737522011687, 27.231345373508297, 32.50092177194529, 47.66245882542271, 84.46542291234123], "eco_{'reward_function': 'replacement'}_{}": [43.90682101385993, 38.76871423597201, 40.93526866981212, 43.32851567374878, 38.397145519408284, 34.89255714392734, 31.3061170785507, 42.314218777625655, 45.0180821494378, 38.562262637766956], "eco_{'reward_function': 'summation', 'ext_grid_pen_kwargs': {'linear_penalty': 100000}}_{}": [88.49924598700494, 54.77839565298767, 48.44457005514896, 87.20857066845781, 68.43522938360593, 53.953298512643975, 76.37537382810284, 58.567579539666994, 71.99445639405279, 71.61053687793103], "eco_{'add_res_obs': True, 'add_act_obs': True, 'steps_per_episode': 5}_{'gamma': 0.5}": [85.31621415908397, 88.6691389303997, 68.73772411494573, 64.19093079619167, 45.8500287943524, 82.58823857617877, 58.08272789811719, 55.82241647867967, 80.05226903343934, 78.73948574495014], "eco_{'add_res_obs': True, 'add_act_obs': True, 'steps_per_episode': 5}_{'gamma': 0.9}": [103.70943812486553, 160.69383231321456, 142.22005067899974, 159.88564144409793, 146.44556047965062, 225.23272726260362, 109.06340930132352, 44.25542598217075, 118.64093033834399, 90.10116222036676], "eco_{'squash_reward': True}_{}": [13.78332704944153, 18.50912671974918, 19.266284174076485, 12.733861615857943, 19.157140710933867, 18.410183407547535, 17.911197726930958, 18.281158690758037, 22.443032070783666, 13.22716119959997], "eco_{'reward_scaling': 'minmax', 'penalty_weight': 0.96}_{}": [16.711756318311828, 22.316527425701327, 18.876223302161495, 19.21715449969085, 14.991827010354708, 23.952256135698736, 17.96576853206961, 15.93464259272942, 17.352240626336418], "eco_{'reward_scaling': 'normalization', 'penalty_weight': 0.96}_{}": [17.048638590075722, 17.14091333647754, 17.01263408588488, 22.265034207424733, 18.365707421667214, 15.867722352893521, 14.065403986876696, 15.657786160069081], "eco_{}_{'autoscale_obs': False}": [401.92334665533434, 400.75248617028876, 464.34400273647645, 411.5911364115303], "qmarket_random": [3831.823701558802], "qmarket_{'reward_function': 'replacementA'}_{}": [175.86799116186953, 188.72606081324642, 117.00338476061648, 173.940743448166, 157.92126308458037, 145.0303579447905, 182.67349756306123, 135.54960486516677, 119.64780974711789, 165.95344566228988], "qmarket_{'add_res_obs': True, 'add_act_obs': True}_{}": [2.110991442036581, 2.7100437378116498, 2.0924286907732457, 2.750563995950698, 2.7633264367434602, 2.6950572291868804, 2.1268528252501127, 2.581248999720608, 6.791789553657584, 2.7373551098409687], "eco_{'reward_function': 'replacementA'}_{}": [137.4402624742428, 402.4737015575879, 121.05764520201193, 113.24886692597882, 96.82168603756199, 127.67204613368067, 371.8798764328687, 89.6682686490703, 94.05010595155451, 95.75269259254274], "eco_{'add_res_obs': True, 'add_act_obs': True}_{}": [9.456834825238438, 20.27477918747188, 16.796922357336044, 23.59506403897258, 11.547943028483001, 11.74800322227295, 13.228432066707374, 11.856336346821335, 9.965285951369589, 20.25712702765697], "eco_random": [225.64098299032196]}
