{"qmarket_{}_{}": [0.009797418547208718, 0.010446453408366205, 0.007991624324720803, 0.007206011014070834, 0.006573780736450521, 0.007983060909371028, 0.009826889903349978, 0.009379787273824752, 0.008449015610013266, 0.010545385509059695], "qmarket_{'reward_function': 'replacement'}_{}": [0.13633442560145134, 0.15834099238670524, 0.13779223900600077, 0.13197237387931898, 0.1354860842768467, 0.1406261069872551, 0.12704645182580232, 0.1477071093604655, 0.14149999525789086, 0.14599955063470527, 0.14881572373797802, 0.12493404601190915], "qmarket_{'reward_function': 'summation', 'ext_grid_pen_kwargs': {'linear_penalty': 5000}}_{}": [0.037995933656395926, 0.033020667678038663, 0.02985033732454842, 0.04303749010111798, 0.0698506377187953, 0.032049942955776685, 0.03590851407593669, 0.03754401663045676, 0.03269760560454608, 0.03516959257146831], "qmarket_{'add_res_obs': True}_{}": [0.006326103782605967, 0.006623712748077096, 0.008370727804224093, 0.009159242148425183, 0.00484953530611121, 0.005192875486339508, 0.008607270376304231, 0.004390529538253928, 0.005704942292058727, 0.006151263155312473], "qmarket_{'add_res_obs': True, 'remove_normal_obs': True}_{}": [0.008753609123549482, 0.008281644617489151, 0.010241400056378924, 0.009679149155581332, 0.008440867472518623, 0.007836562520052581, 0.00902360023799882, 0.009543235639151718, 0.009681013144437816, 0.010275615889452059], "qmarket_{'train_data': 'full_uniform'}_{}": [7.228028406591356, 7.228028406591356, 7.228028406591356, 6.816163212256844, 7.228028406591356, 7.228028406591356, 7.228028406591356, 7.228028406591356, 7.228028406591356, 7.228028406591356], "qmarket_{'train_data': 'normal_around_mean', 'sampling_kwargs': {'std': 0.3}}_{}": [0.03160973358318748, 0.022874206652991783, 0.04884027728187404, 0.019038422443355654, 0.01974358829347604, 0.026242784881130635, 0.029287937497815202, 0.26959643380163134, 0.033491459407603785, 0.0193652561920513], "qmarket_{'add_res_obs': True, 'add_act_obs': True, 'steps_per_episode': 5}_{'gamma': 0.5}": [0.13057230641302353, 0.06658539956986449, 0.07722693011889177, 0.10708032684211287, 0.1639278936480725, 0.11047179569832559, 0.0586896258708926, 0.1724198584721109, 0.07546116623000129, 0.09579819346095643], "qmarket_{'add_res_obs': True, 'add_act_obs': True, 'steps_per_episode': 5}_{'gamma': 0.9}": [0.3441392016078869, 0.4762764316186012, 0.2607758384751743, 0.4598806173647336, 0.25152897769751226, 0.3041258239685325, 0.41938441122965026, 0.39836076745861315, 0.19518600089285162, 0.25059026737255724], "qmarket_{'squash_reward': True}_{}": [0.003278595134939764, 0.005275973582354993, 0.004963754404325914, 0.004724171846018286, 0.003388484071365145, 0.005790533015030412, 0.003270690927527353, 0.0029983415136469174, 0.009725990013068802, 0.0034048974091104864], "qmarket_{'reward_scaling': 'minmax', 'penalty_weight': 0.25}_{}": [0.009827270163347146, 0.017304956489586992, 0.008979882145289891, 0.01964889929789737, 0.017980482216054354, 0.009635927610416373, 0.011731878531893752, 0.007069023954092725, 0.014981172722718768, 0.009281705549702144], "qmarket_{'reward_scaling': 'normalization', 'penalty_weight': 0.25}_{}": [0.009233062811303571, 0.006394773043945771, 0.011992624834202405, 0.012229714375905596, 0.007189960586761669, 0.008678492575635853, 0.008216821941615136, 0.026855311832535676, 0.011779960799520886, 0.008500034708708224], "qmarket_{}_{'autoscale_obs': False}": [1.7043209363480407, 1.4079635767423817, 1.2341450178811701, 2.238683590300013, 0.7682188737893324, 0.8823997068426644], "eco_{}_{}": [710.2837428952427, 688.2429199608206, 693.687453080023, 757.5593578766559, 750.1694477020403, 805.5838182967473, 1078.4459121760535, 743.6792070384162, 727.4671786322715, 880.5184387944095], "eco_{'add_res_obs': True}_{}": [1124.8390419670457, 709.7906019659591, 712.1887583115748, 770.9615937407806, 608.9693546888823, 663.1777565675045, 675.8458028373914, 788.5432323249322, 671.6049064461392, 647.12246254861], "eco_{'add_res_obs': True, 'remove_normal_obs': True}_{}": [855.2511139423774, 899.8732382216735, 828.9569117826193, 707.7172138392679, 1170.4557791134757, 1015.5485102774104, 603.0223424457878, 808.2487274154411, 792.1851224885384, 6286.2670317027405], "eco_{'train_data': 'full_uniform'}_{}": [869.9599787019573, 2435.2142618448397, 14808.432156917293, 1525.3097818425351, 1801.4558609997255, 878.5873311847312, 2048.0245310229493, 2398.0348700275813, 1878.9628679162786, 2128.239888831199], "eco_{'train_data': 'normal_around_mean'}_{}": [2726.048706529941, 2249.621265795447, 3287.942810439572, 2522.593343789194, 3759.3619213021607, 3013.176611789211, 2378.7247937936936, 3144.108099868183, 4048.957022147508, 3169.053296270159], "eco_{'reward_function': 'replacement'}_{}": [2332.3671472181227, 2674.462110779224, 2410.586989111971, 2556.4910268986387, 2143.7855727238666, 1989.228849055209, 1834.294220411357, 2722.2611577598136, 2264.9871471527995, 2229.358724657786], "eco_{'reward_function': 'summation', 'ext_grid_pen_kwargs': {'linear_penalty': 100000}}_{}": [5722.06698057301, 3986.555537792734, 3020.691035925563, 5511.280692836646, 4794.248661592223, 3905.2730772887085, 5176.397278452302, 3959.018521092089, 5207.903055595816, 5060.343201662162], "eco_{'add_res_obs': True, 'add_act_obs': True, 'steps_per_episode': 5}_{'gamma': 0.5}": [5625.949939295526, 6253.166373430115, 4530.562441687438, 4059.0143294542086, 3133.038299339626, 5457.801363194217, 3676.410140407516, 3580.115071679352, 5233.402118761733, 5607.9537425292565], "eco_{'add_res_obs': True, 'add_act_obs': True, 'steps_per_episode': 5}_{'gamma': 0.9}": [7227.213367880491, 11567.268648816287, 9990.318262285195, 11854.356137968829, 9870.633628805985, 15245.63498701742, 7608.3047072691525, 2938.4257068724146, 8658.066491928048, 6262.9014228030255], "eco_{'squash_reward': True}_{}": [1040.3118576039722, 1273.8347616402657, 1661.9117879278244, 874.5459559420336, 1152.6485371751698, 1375.4251018643645, 1182.4745147049346, 1097.572158205004, 1793.4461536720003, 962.6558720827512], "eco_{'reward_scaling': 'minmax', 'penalty_weight': 0.96}_{}": [915.3948759556258, 1125.7250175134516, 1097.1714167213452, 1256.5120590877264, 909.7560986196632, 1673.4780337958794, 1009.6101148141273, 1018.5731789385885, 1097.9741225906473], "eco_{'reward_scaling': 'normalization', 'penalty_weight': 0.96}_{}": [1097.3484178238418, 1119.0465811065199, 939.6187789394651, 1428.131743723885, 1063.960229578298, 1039.0669911319974, 885.3985017263547, 938.7151083833559], "eco_{}_{'autoscale_obs': False}": [27625.432023873196, 27646.37066746941, 27077.201344435274, 27611.295573094896]}