{"qmarket_{}_{}": [0.29002634453101706, 0.33420983479581706, 0.29429192694455564, 0.365139430994807, 0.323294474398298, 0.34273999888506657, 0.2890207034889186, 0.298840665511467, 0.3145711112130116, 0.26020629632384495], "qmarket_{'reward_function': 'replacement'}_{}": [0.3262092925416074, 0.22755287284485679, 0.28090498824196497, 0.324738986681141, 0.32173638325732856, 0.30865941519761925, 0.3892314967111781, 0.26786355130954387, 0.3591922960577562, 0.2829422745573086, 0.2832879558020469, 0.3999930539971255], "qmarket_{'reward_function': 'summation', 'ext_grid_pen_kwargs': {'linear_penalty': 5000}}_{}": [0.17291174407784557, 0.18304414607836525, 0.1741313790612957, 0.1604817268377566, 0.24028409625260752, 0.1868826911037461, 0.1545657150636066, 0.16695643009091984, 0.18578462093146417, 0.20412630503703982], "qmarket_{'add_res_obs': True}_{}": [0.2651233894936, 0.27300958024532324, 0.2693839383666793, 0.24776051730874205, 0.2851743361983107, 0.28620568904324967, 0.2613296778537521, 0.2988182393174854, 0.3051282008444788, 0.28852508483651945], "qmarket_{'add_res_obs': True, 'remove_normal_obs': True}_{}": [0.3054896370658286, 0.3556360065980928, 0.3902116743957623, 0.335564857552494, 0.37706848723689596, 0.3811189306453615, 0.34887636168207253, 0.3314895049465407, 0.3702299834714362, 0.2968111705889767], "qmarket_{'train_data': 'full_uniform'}_{}": [454.5284112540754, 454.5284112540754, 454.5284112540754, 451.4920937863719, 454.5284112540754, 454.5284112540754, 454.5284112540754, 454.5284112540754, 454.5284112540754, 454.5284112540754], "qmarket_{'train_data': 'normal_around_mean', 'sampling_kwargs': {'std': 0.3}}_{}": [0.35212561642363305, 0.3099488862316474, 0.3040695589907553, 0.3774830352417764, 0.3278790916803836, 0.2989910957657394, 0.27789896228153443, 0.28481596099435935, 0.33245217849601333, 0.29698213067144946], "qmarket_{'add_res_obs': True, 'add_act_obs': True, 'steps_per_episode': 5}_{'gamma': 0.5}": [0.3114396712545947, 0.353106660397341, 0.3945279650537138, 0.353878904146631, 0.31174093590026747, 0.49005860799962814, 0.38467480094872414, 0.5306545062892286, 0.41409205414095146, 0.4650846299058847], "qmarket_{'add_res_obs': True, 'add_act_obs': True, 'steps_per_episode': 5}_{'gamma': 0.9}": [0.5737396530833005, 1.0874984974224846, 0.48731611529358304, 1.977398679442948, 0.3820832318695183, 0.5618760680835883, 0.625448198912122, 0.7066772191488765, 0.4342065843689864, 0.498582669730637], "qmarket_{'squash_reward': True}_{}": [0.30057861857342794, 0.2957627674834435, 0.2808100155502821, 0.3168364567448754, 0.30909664447707225, 0.30619002057187883, 0.29370073771370114, 0.32260551923854086, 0.40160484479998904, 0.3564819774819229], "qmarket_{'reward_scaling': 'minmax', 'penalty_weight': 0.25}_{}": [0.21521085993161326, 0.29005545867482413, 0.2348571060364029, 0.17492147971488994, 0.26063657400533213, 0.23337346426608827, 0.19480683586997763, 0.27538740817273044, 0.17157075104469394, 0.2032680487485593], "qmarket_{'reward_scaling': 'normalization', 'penalty_weight': 0.25}_{}": [0.2819746339372853, 0.3146170446306518, 0.28894327717328927, 0.253570131355586, 0.31098091094402114, 0.31187066013861836, 0.29811523315626526, 0.27823315116525243, 0.34452829910200095, 0.3269863911530137], "qmarket_{}_{'autoscale_obs': False}": [77.81223054267004, 39.00249481591267, 39.76601485745351, 25.634315440895055, 47.275059281690446, 40.09043324035583], "eco_{}_{}": [Infinity, Infinity, Infinity, Infinity, Infinity, Infinity, 0.0, Infinity, Infinity, Infinity], "eco_{'add_res_obs': True}_{}": [Infinity, Infinity, Infinity, Infinity, Infinity, Infinity, Infinity, Infinity, Infinity, Infinity], "eco_{'add_res_obs': True, 'remove_normal_obs': True}_{}": [Infinity, Infinity, Infinity, Infinity, Infinity, 6.300689146788099e-05, Infinity, Infinity, Infinity, Infinity], "eco_{'train_data': 'full_uniform'}_{}": [Infinity, Infinity, Infinity, Infinity, Infinity, Infinity, Infinity, Infinity, Infinity, Infinity], "eco_{'train_data': 'normal_around_mean'}_{}": [Infinity, Infinity, Infinity, Infinity, Infinity, Infinity, Infinity, Infinity, Infinity, Infinity], "eco_{'reward_function': 'replacement'}_{}": [Infinity, Infinity, Infinity, Infinity, Infinity, Infinity, Infinity, Infinity, Infinity, Infinity], "eco_{'reward_function': 'summation', 'ext_grid_pen_kwargs': {'linear_penalty': 100000}}_{}": [0.0, Infinity, Infinity, Infinity, Infinity, Infinity, Infinity, Infinity, Infinity, Infinity], "eco_{'add_res_obs': True, 'add_act_obs': True, 'steps_per_episode': 5}_{'gamma': 0.5}": [Infinity, Infinity, Infinity, Infinity, Infinity, Infinity, Infinity, Infinity, Infinity, Infinity], "eco_{'add_res_obs': True, 'add_act_obs': True, 'steps_per_episode': 5}_{'gamma': 0.9}": [Infinity, Infinity, Infinity, Infinity, Infinity, Infinity, Infinity, Infinity, Infinity, Infinity], "eco_{'squash_reward': True}_{}": [Infinity, Infinity, Infinity, Infinity, Infinity, Infinity, Infinity, Infinity, Infinity, Infinity], "eco_{'reward_scaling': 'minmax', 'penalty_weight': 0.96}_{}": [Infinity, Infinity, Infinity, Infinity, Infinity, Infinity, Infinity, Infinity, Infinity], "eco_{'reward_scaling': 'normalization', 'penalty_weight': 0.96}_{}": [Infinity, Infinity, 0.0, Infinity, Infinity, Infinity, Infinity, Infinity], "eco_{}_{'autoscale_obs': False}": [0.0, 0.0, Infinity, 0.0]}