{"qmarket_{}_{}": [2.9002634453101704e-05, 3.3420983479581704e-05, 2.9429192694455572e-05, 3.6513943099480707e-05, 3.2329447439829804e-05, 3.427399988850666e-05, 2.8902070348891865e-05, 2.9884066551146708e-05, 3.145711112130116e-05, 2.602062963238449e-05], "qmarket_{'reward_function': 'replacement'}_{}": [3.2620929254160744e-05, 2.275528728448568e-05, 2.8090498824196498e-05, 3.2473898668114105e-05, 3.217363832573286e-05, 3.086594151976193e-05, 3.892314967111782e-05, 2.6786355130954385e-05, 3.5919229605775615e-05, 2.829422745573086e-05, 2.8328795580204686e-05, 3.999930539971255e-05], "qmarket_{'reward_function': 'summation', 'ext_grid_pen_kwargs': {'linear_penalty': 5000}}_{}": [1.7291174407784558e-05, 1.830441460783652e-05, 1.7413137906129568e-05, 1.604817268377566e-05, 2.402840962526075e-05, 1.868826911037461e-05, 1.5456571506360664e-05, 1.6695643009091988e-05, 1.857846209314642e-05, 2.0412630503703985e-05], "qmarket_{'add_res_obs': True}_{}": [2.6512338949360003e-05, 2.730095802453233e-05, 2.693839383666793e-05, 2.4776051730874207e-05, 2.851743361983107e-05, 2.8620568904324973e-05, 2.613296778537521e-05, 2.988182393174854e-05, 3.0512820084447882e-05, 2.8852508483651954e-05], "qmarket_{'add_res_obs': True, 'remove_normal_obs': True}_{}": [3.054896370658286e-05, 3.556360065980928e-05, 3.9021167439576227e-05, 3.3556485755249394e-05, 3.77068487236896e-05, 3.811189306453616e-05, 3.488763616820726e-05, 3.3148950494654075e-05, 3.7022998347143615e-05, 2.9681117058897673e-05], "qmarket_{'train_data': 'full_uniform'}_{}": [0.04545284112540753, 0.04545284112540753, 0.04545284112540753, 0.04514920937863719, 0.04545284112540753, 0.04545284112540753, 0.04545284112540753, 0.04545284112540753, 0.04545284112540753, 0.04545284112540753], "qmarket_{'train_data': 'normal_around_mean', 'sampling_kwargs': {'std': 0.3}}_{}": [3.52125616423633e-05, 3.099488862316474e-05, 3.0406955899075528e-05, 3.774830352417763e-05, 3.278790916803835e-05, 2.989910957657394e-05, 2.778989622815344e-05, 2.8481596099435933e-05, 3.324521784960133e-05, 2.9698213067144947e-05], "qmarket_{'add_res_obs': True, 'add_act_obs': True, 'steps_per_episode': 5}_{'gamma': 0.5}": [3.114396712545947e-05, 3.5310666039734106e-05, 3.945279650537138e-05, 3.5387890414663095e-05, 3.1174093590026743e-05, 4.900586079996281e-05, 3.846748009487242e-05, 5.306545062892288e-05, 4.1409205414095147e-05, 4.650846299058848e-05], "qmarket_{'add_res_obs': True, 'add_act_obs': True, 'steps_per_episode': 5}_{'gamma': 0.9}": [5.7373965308330056e-05, 0.00010874984974224846, 4.873161152935832e-05, 0.00019773986794429483, 3.820832318695183e-05, 5.618760680835882e-05, 6.254481989121219e-05, 7.066772191488764e-05, 4.3420658436898646e-05, 4.985826697306371e-05], "qmarket_{'squash_reward': True}_{}": [3.0057861857342797e-05, 2.9576276748344354e-05, 2.808100155502821e-05, 3.1683645674487544e-05, 3.090966444770722e-05, 3.061900205718789e-05, 2.9370073771370114e-05, 3.226055192385409e-05, 4.0160484479998906e-05, 3.564819774819229e-05], "qmarket_{'reward_scaling': 'minmax', 'penalty_weight': 0.25}_{}": [2.1521085993161325e-05, 2.9005545867482415e-05, 2.3485710603640288e-05, 1.7492147971488996e-05, 2.6063657400533212e-05, 2.3337346426608832e-05, 1.948068358699776e-05, 2.7538740817273045e-05, 1.7157075104469392e-05, 2.032680487485593e-05], "qmarket_{'reward_scaling': 'normalization', 'penalty_weight': 0.25}_{}": [2.8197463393728525e-05, 3.146170446306518e-05, 2.889432771732893e-05, 2.5357013135558594e-05, 3.1098091094402115e-05, 3.1187066013861835e-05, 2.981152331562653e-05, 2.7823315116525245e-05, 3.4452829910200086e-05, 3.269863911530137e-05], "qmarket_{}_{'autoscale_obs': False}": [0.0077812230542670035, 0.003900249481591267, 0.003976601485745351, 0.0025634315440895054, 0.004727505928169045, 0.0040090433240355825], "eco_{}_{}": [0.0029053417786943096, 0.0037273428055107434, 0.00260649580737314, 0.007368554996821132, 0.005507860627575261, 4.552425835977226e-05, 0.0, 0.001972034217353911, 0.004371987700775962, 0.0021691426267077627], "eco_{'add_res_obs': True}_{}": [0.0002297093322429081, 0.0032125167328595494, 0.0013613963431242657, 0.004005645139732261, 0.0035529749107335263, 0.003493787414317718, 0.005788406303170837, 0.007458177752224145, 0.009833915808360589, 0.003500803075907089], "eco_{'add_res_obs': True, 'remove_normal_obs': True}_{}": [0.0006352952903379447, 0.0002519339924006479, 0.0011441179403683293, 0.002404971905555919, 0.004587913465399388, 6.615723604127504e-07, 0.02260496733989547, 0.0012940252489902816, 0.010775370246955433, 0.0021744457843394416], "eco_{'train_data': 'full_uniform'}_{}": [1.0042269041689782, 2.267829429865665, 1.7743377710630672, 0.17925163182789772, 1.0209885243344397, 1.3862834099970769, 0.015176250381807102, 0.05759338915267865, 0.6027185634738706, 0.974316715217888], "eco_{'train_data': 'normal_around_mean'}_{}": [0.17016037299423156, 1.0913339362939505, 2.2975629743963872, 0.08697747101593081, 0.7731540215382317, 3.9037371752964014, 0.30643969471227533, 0.4325292499147085, 1.8321930959694983, 0.22293201815205527], "eco_{'reward_function': 'replacement'}_{}": [0.0006461018182165316, 0.00033314277910546095, 0.000670802772804543, 0.0001600745185017318, 0.0022004200644307457, 0.0006636105508594671, 0.0034136453980617145, 0.0002626424528516444, 0.002096642347678551, 0.0005446192783012751], "eco_{'reward_function': 'summation', 'ext_grid_pen_kwargs': {'linear_penalty': 100000}}_{}": [0.0, 0.0007275490066583063, 0.0004078388200430159, 0.00012954889920254847, 0.0011527202679434475, 0.0005308628115725249, 0.0015657214032145674, 6.655866281143186e-05, 0.0008497555057904142, 0.0006283767434068874], "eco_{'add_res_obs': True, 'add_act_obs': True, 'steps_per_episode': 5}_{'gamma': 0.5}": [0.004819343267288925, 0.0008482396622321512, 0.002371559069732994, 0.025103939371894576, 0.0007448849847829163, 0.001482118539247929, 0.0031773795938357507, 0.00514013218778157, 0.028179270164433556, 0.036987939462665195], "eco_{'add_res_obs': True, 'add_act_obs': True, 'steps_per_episode': 5}_{'gamma': 0.9}": [0.003333507786922058, 0.005915316120399316, 0.004707126267075274, 0.008659910588915017, 0.020675211237334103, 0.00726556178184793, 0.005571849065611502, 0.004808341507804643, 0.0009057401247562497, 0.005726648314039298], "eco_{'squash_reward': True}_{}": [0.0020179902370227915, 0.011412677925056429, 0.0012410240507693484, 0.0021729133869135484, 0.0037462553646360557, 0.006390484022707727, 0.008410452036917497, 0.0021173828114277407, 0.005363657723342463, 0.003442507920552632], "eco_{'reward_scaling': 'minmax', 'penalty_weight': 0.96}_{}": [0.006212405128773405, 0.0005465480594585337, 0.0011323398923891242, 0.0017091352650893908, 0.0009398796176277749, 3.9277349254412686e-05, 0.0014115150879874948, 0.0012521612241140055, 0.001441087011756232], "eco_{'reward_scaling': 'normalization', 'penalty_weight': 0.96}_{}": [0.0010660007399845193, 0.000814586182255135, 0.0, 0.0006808256708798058, 0.003971322608499145, 0.0006905659665668494, 0.003403565308780637, 0.000921122863824867], "eco_{}_{'autoscale_obs': False}": [0.0, 0.0, 0.22415333788338848, 0.0]}